Theme,Number of Studies (out of 50, per Chapter 2),Studies Currently Filed in 01_Research_Papers/,Core Idea,Key Advantage,Key Limitation,Typical Evaluation Focus
PUF-Based Device Authentication,17,"Kumar & Mondal (2024); Princess & Premarathne (2025); Yoon et al. (2023); Pham et al. (2023); Petzi et al. (2024); Manivannan et al. (2024)",Uses small physical/hardware differences in a device to create a unique challenge-response identity,"Low resource use; unique device identity without storing a long secret key","Affected by temperature, voltage and device ageing; tested on small numbers of devices; limited testing against machine-learning modelling attacks","Authentication time, reliability, uniqueness, error rate"
Lightweight Cryptography and Mutual Authentication,19,"Sarvaiya & Satange (2022); Yodthong & Munlin (2023); Nurkifli & Hwang (2022); Arora et al. (2022); Alzahrani (2025); Gong et al. (2023); Masud et al. (2022); Seifelnasr et al. (2024); Ren et al. (2024); Wang et al. (2023)",Uses ECC, hashing, symmetric encryption, digital certificates and session keys so both device and gateway verify each other,"Good balance between security and resource use; can protect against replay, impersonation and man-in-the-middle attacks","Many studies tested with simulations or mathematical checks instead of real IoT devices","Processing cost, communication cost, authentication time, security against attacks"
Blockchain-Based Authentication,8,"Mukhandi et al. (2022); Aanandaram & Deepalakshmi (2024); Chen et al. (2024); Zheng et al. (2023); Wang et al. (2022)",Stores device identity and trust information across a distributed ledger instead of one central server,"Reduces need for a central authority; harder to change device records without permission","Needs more storage, processing, communication and time; mostly tested on simulated blockchain systems","Transaction time, communication cost, storage, scalability"
Machine-Learning and Physical-Layer Authentication,10,"None filed yet - see unfiled_references_by_theme.md for candidate papers (e.g. Chanal & Kakkasageri 2023; Shang et al. 2024; Iqbal et al. 2024)",Uses device behaviour, wireless signals, RAM traces or PUF responses as extra evidence of device identity,"Provides extra authentication evidence; can handle some noise in the data","Needs more processing power, memory and training data; limited testing against attacks on the ML model itself; wireless signals vary with distance/obstacles/environment","Accuracy, precision, recall, F1-score, false-positive rate"

Notes:
- Study counts (17 / 19 / 8 / 10 out of the 50 papers reviewed in Assignment 1) and all findings above are taken directly from Chapter 2 of the Research Proposal (Sections 2.3-2.6) so this table stays fully consistent with the written proposal.
- The "Studies Currently Filed" column lists only papers that already have a PDF in 01_Research_Papers/ with a verified citation in 04_References/04References.md - this is a working subset of the full 50, not the complete list.
- Full per-paper details are in the PDFs themselves under 01_Research_Papers/; exact citation-to-file mapping is in paper_theme_citation_mapping.csv.
